class,confidence,x1,y1,x2,y2
person,0.8162679672241211,155.367919921875,52.6148681640625,344.876953125,419.6715087890625
person,0.6844724416732788,5.0088043212890625,38.040618896484375,167.9315643310547,506.3744201660156
person,0.6486784219741821,344.17413330078125,85.42498779296875,415.80926513671875,455.85723876953125
person,0.5381750464439392,6.298065185546875,27.4656982421875,257.51788330078125,600.6846923828125
dining table,0.39639490842819214,38.84417724609375,378.84332275390625,416.0,630.7568969726562
